	A	C	D	E	F	G	H	I	K	L	M	N	P	Q	R	S	T	V	W	Y
-1-	0.0293729621717356	0.00651996246004911	0.0293683512756699	0.0264143211323257	0.0148959401060092	0.0411499160324643	0.0104681328798008	0.0183425590110461	0.0251435788998078	0.0326882482506372	0.0080560643515255	0.021923981866221	0.0274196518980633	0.0149861375223012	0.0202632821653337	0.029425650725652	0.0233133122009182	0.0222399577662596	0.00478683542546009	0.0124509218036006
-1E	0.0145492421681407	0.00371726296173197	0.00839001756543706	0.0110876508028468	0.0109493239208824	0.0153344415026173	0.00506343738156781	0.0195925781151769	0.0118081939767649	0.0210469272651788	0.00481646949904936	0.006821380362397	0.00715740588914665	0.0069396576176496	0.0109120222897909	0.0119057481036332	0.0138985877446983	0.0262868738927597	0.00370083988248763	0.0100148144463981
-1H	0.0377177515094738	0.00422503141496508	0.0199232674363682	0.0303409913063784	0.0135627176414119	0.0147161669672759	0.00729298695659948	0.0222313576679781	0.0229185366051966	0.0409194230370082	0.00881510073641665	0.0130072859928948	0.00931261124110029	0.0162847005546742	0.0202795498211135	0.0203609399078431	0.0171566261814393	0.0222528061058559	0.00462509140842168	0.0108344141739919
-1R	0.0816399558493743	0.0144622568367504	0.057681636277492	0.06784296324157	0.0394079816683227	0.0712005245023837	0.0228245572179826	0.0601664947942246	0.0598703094817882	0.0946545985528325	0.0216876345870054	0.0417526482215304	0.0438896690283245	0.0382104956946438	0.0514548542762583	0.0616923387371531	0.0543685261270803	0.0707796377649011	0.0131127667163709	0.0333001504240102
-2-	0.030119358555193	0.00672051454266262	0.0266386967747151	0.0267458966361989	0.016104982105744	0.0340552290769287	0.0103848954249136	0.0212670356883808	0.0253797495190264	0.0352550549318472	0.00823412658104944	0.0198659366241449	0.024300718843302	0.0152132646962465	0.0210859210535993	0.0285667836905705	0.0235371932992639	0.0255377885762402	0.0052858699435417	0.0134248293006232
-2E	0.0147763393132874	0.00339283915342973	0.0106500822542707	0.0115830023316168	0.00959490849621396	0.0208818350199261	0.00508970148953355	0.0167641727019912	0.0124196092195153	0.0188658212983445	0.00441936377454946	0.00858687559075329	0.0086608424533908	0.00711233055727987	0.010828384064698	0.0124152858043047	0.0132349636567405	0.0226818863383433	0.00324094663832426	0.00901088281741998
-2H	0.0367621558027463	0.00433029100334556	0.0204531397526703	0.0295165286246972	0.0137003298192762	0.0163231843505232	0.00735194152075211	0.0221899546124677	0.0219458118764243	0.0404964926684648	0.00904828296345684	0.0132932516280723	0.0109003715324196	0.0158655274102899	0.0194932894866037	0.0207025435120423	0.0176305226029652	0.0225805204829281	0.00457755909978129	0.0109043824115905
-2R	0.0816578536712509	0.0144436446994419	0.0577419187816741	0.067845427592532	0.0394002204212528	0.0712602484474034	0.0228265384352137	0.0602211630028628	0.0597451706149849	0.0946173688986656	0.0217017733190696	0.0417460638429892	0.0438619328291274	0.0381911226638354	0.051407594604921	0.0616846130069425	0.0544026795589941	0.0708001953975364	0.0131043756816487	0.0333400945296525
-3-	0.0314585487136194	0.00685988417970142	0.0242568148874149	0.0257891142835881	0.0175107583635249	0.0305160263891517	0.00985811406274313	0.0244894465576741	0.0242239185377361	0.0393262764726465	0.00868699353764264	0.0181035212504079	0.0217116431705648	0.0148216389254697	0.0209473792504855	0.0267128835934312	0.0226666849656925	0.0289632453485131	0.00583758296899089	0.0143369939776577
-3E	0.0147432219900091	0.0032406047396708	0.0126344507336244	0.0128576535138479	0.00834121518696185	0.0224228957755556	0.00533030868509429	0.0138408772136354	0.0136590567841221	0.0168645650997742	0.00419177021333784	0.0099919519185219	0.00992338293487708	0.007662020808089	0.0111805682729102	0.0137064631479104	0.0134595309944317	0.0189517022917997	0.00285119158121505	0.00810329286173913
-3H	0.0354258065786723	0.00434902314603683	0.020959951103864	0.0291386227031649	0.0135712109586272	0.0184501377246479	0.00765531581961939	0.0218504573849722	0.0217435966312386	0.038394544988994	0.00881925991174843	0.0137027439746188	0.0121889356794587	0.0157048640081604	0.0192230971766484	0.0212591612143171	0.0183506629347759	0.0228748015218579	0.00439574853443388	0.0109078638200016
-3R	0.0816275772823252	0.0144495120654131	0.0578512167249211	0.0677853905006199	0.0394231845091321	0.0713890598893803	0.0228437385674711	0.0601807811563044	0.0596265719531155	0.0945853865614248	0.0216980236627428	0.0417982171435683	0.0438239617849161	0.0381885237417388	0.0513510447000643	0.0616785079556834	0.0544768788949249	0.0707897491621953	0.0130845230846413	0.0333481506594166
-4-	0.0325118315123024	0.00688753912446142	0.0229858769965203	0.0253683007667036	0.0181512231383918	0.028751510055528	0.00965360788025777	0.026626974530961	0.0235763594187623	0.0411461091012054	0.00892593628710941	0.0171774118346153	0.0192936232850635	0.0147078487062592	0.0209521687110639	0.0254804123472298	0.0224169423357613	0.0312404609008159	0.00618884373868605	0.0149549367291287
-4E	0.0150495572172029	0.00318316808992358	0.013577987354777	0.0135651851395195	0.00787167649486497	0.0226480671025658	0.00540501098724794	0.0121773301743939	0.0142385921988611	0.016307335353232	0.00412473677749573	0.0104920212695837	0.0112568877761966	0.00794200965276008	0.0112635259618852	0.0144025448485771	0.013238017416275	0.0166398241618303	0.00259484571223125	0.00753386660091287
-4H	0.0340941958549168	0.00436929596772122	0.0213471407595589	0.0287738480772082	0.0133723089664442	0.0200911011959736	0.00779665445977601	0.0213487212799619	0.021705602786766	0.0370529300477362	0.00864218019091092	0.0141898594864616	0.0132674677797686	0.0155338813524346	0.0190933186660973	0.021873085265381	0.0188503399962745	0.0229327715110075	0.00429664471323601	0.0108585439508415
-4R	0.0816555845844464	0.0144400031821102	0.057911005110874	0.0677073339834502	0.0393952085997191	0.0714906783540924	0.0228552733272959	0.06015302598534	0.0595205544044082	0.0945063745021841	0.0216928532555298	0.0418592925906807	0.0438179788410445	0.038183739711474	0.0513090133390666	0.0617560424612125	0.0545052997483358	0.0708130565736787	0.0130803341641547	0.033347347280901
-5-	0.0331124360871269	0.00677948263898168	0.0219767093958829	0.0254318168979486	0.0182214526776869	0.0278756695463054	0.0095902019934213	0.0276471131251944	0.0235249897009111	0.041960160914732	0.00908666776819704	0.0163379421570434	0.0182977088079852	0.0148891816662611	0.0210290984702399	0.0247619923760766	0.0223500411804245	0.0326748774576098	0.00627616038354321	0.0153991809699406
-5E	0.0151741750427346	0.00311902940730856	0.0145365169357966	0.0142592074640434	0.00762746776548549	0.0223238629119246	0.00536219966133285	0.0112875500500346	0.0145111335539945	0.0159643984027164	0.00406934294771527	0.0112055707355298	0.0115014805559525	0.00813799699362754	0.0113815586498605	0.0148505501728708	0.0130401162357453	0.015015992590378	0.00255730947599139	0.00705016805494122
-5H	0.0334222829209378	0.00453111912521511	0.0214539389126319	0.0279865297440679	0.0135153524946186	0.0214286615157236	0.00792300663878286	0.0211510340892921	0.0214342787150359	0.0364849283653298	0.00855732622160039	0.0143229573770033	0.0140103549359807	0.0151349076399889	0.0189025115981851	0.0221491998087539	0.0191148523307129	0.0230958038779167	0.00426186450530744	0.0109205773590557
-5R	0.0817088940508237	0.0144296311715093	0.0579671652443297	0.0676775541060788	0.0393642729378091	0.0716281939739786	0.0228754082935511	0.0600856972645445	0.0594704019699606	0.0944094876827905	0.0217133369375264	0.0418664702695971	0.0438095442999341	0.0381620862998979	0.0513131687183056	0.0617617423577258	0.0545050097469076	0.0707866739259299	0.0130953343648434	0.0333699263839554
-6-	0.0334948626409099	0.00657087704731161	0.0218784735837523	0.0258634530959373	0.0178265411277592	0.0281464098829307	0.00951648673595474	0.0278653780996853	0.0238664322887111	0.0417145092359773	0.00906402130041213	0.0162562920308242	0.0180297454444753	0.015031788788617	0.021551331691914	0.0244142630239941	0.0223863244560924	0.0327797028525925	0.00612432863148491	0.0152321678616858
-6E	0.015553979105131	0.00328778400894861	0.0145930231194421	0.0144165253511715	0.00781435739779481	0.0213328284143096	0.00529018877105015	0.0111971868675789	0.0142599109014042	0.0168211808409608	0.00416179711935793	0.0111783696787537	0.0111989992880325	0.00823990305895552	0.0110612553335738	0.0149111562154975	0.0127726066934543	0.0146445704893963	0.00267092137698617	0.00705100854801062
-6H	0.0326487821280746	0.00458169229322318	0.0215590611320813	0.0274032641905502	0.0137282320307513	0.0222773660029515	0.00805167786422178	0.0209970508720766	0.0212325056115662	0.035806125170863	0.00848879103239422	0.0144978710456389	0.0146195164419522	0.0148642998161289	0.018655243726833	0.0224977350074911	0.0193795189239021	0.0233168957459438	0.00428344251567144	0.0110399860464883
-6R	0.0816976238741398	0.0144403533494874	0.0580305578352939	0.0676832426376779	0.0393691305563236	0.0717566043002169	0.0228583533712405	0.0600596158393647	0.0593588488017005	0.0943418152478143	0.0217146094521779	0.0419325327552374	0.0438482611744759	0.0381359916637221	0.0512678307523409	0.0618231542470071	0.0545384500734738	0.0707411690879585	0.0130786925241437	0.0333231624562026
-7-	0.033506172699144	0.00656454250424787	0.0224851695308292	0.0261135949962382	0.0174146940345265	0.0291543358724346	0.00956404517904439	0.0277108379463028	0.0241690180664008	0.0411942819077659	0.0091102104606832	0.0165025736605919	0.0178946981186633	0.0152884330652451	0.0214834941551626	0.024307747880463	0.0225035631629225	0.0323262989577542	0.00592821936020086	0.0147612919472621
-7E	0.0162984204320903	0.00332517185175649	0.0140846422395595	0.0144529438874036	0.00818639967335024	0.0196348536912513	0.0051753138366524	0.0115202052707828	0.0138697638611507	0.0178741058308388	0.00417658787721055	0.0107588805045561	0.0108618419436744	0.0082198085153135	0.0110413273273859	0.0148038707923966	0.0126477402806214	0.0148916561443945	0.00288131152281004	0.00732597452197333
-7H	0.0319392819233187	0.00453732829436936	0.0215645762884663	0.0270535471341827	0.0137000919896046	0.0230500095507391	0.0081401206514964	0.0207676440245457	0.0212560137256105	0.0351600980664701	0.00842986057626354	0.0147105083624469	0.0151557629608815	0.0146559173494143	0.018671574352256	0.022751689506045	0.0194762823498612	0.0234474836063333	0.00427332872938174	0.0112448370468921
-7R	0.081743875054577	0.0144270426503776	0.058134388058873	0.0676200860178437	0.0393011856975	0.07183919911445	0.022879479667207	0.0599986872416552	0.0592947956531806	0.0942284858050888	0.0217166589141708	0.0419719625276154	0.043912303023235	0.0381641589299936	0.0511963958348245	0.0618633081789289	0.0546275857934302	0.0706654387085081	0.0130828596123937	0.0333321035161457
-8-	0.0337695334586061	0.00650955232847337	0.0230471181161836	0.0264733232279648	0.017043193512767	0.0302635889339323	0.00960622541457409	0.0268371680185973	0.024446766011106	0.04045901199953	0.00899819890353945	0.0172039132089844	0.0176399982390371	0.0154304396090961	0.0215131864603061	0.024537025847217	0.022525844633521	0.0316933953754084	0.00582421419451876	0.014427600497551
-8E	0.0167154418664004	0.00335903625585835	0.0135936816172429	0.0145389011800937	0.00854350081702745	0.0180813165052531	0.00499331656395575	0.0122847251655367	0.0134972174289793	0.0187285113611866	0.00431655662123901	0.0100222946650712	0.0106289184530108	0.00821267397002935	0.0110692116523495	0.0145669556420048	0.0126087002497214	0.0154609218609798	0.00299033588528079	0.00758241969301957
-8H	0.0312601697424334	0.0045470348160163	0.021473478606523	0.0265017013952043	0.0137572067596517	0.0235986040962898	0.00829570438710851	0.0208658297517069	0.0212856755643837	0.0349913592257208	0.0084019336861526	0.0147615564960693	0.0156681472229041	0.0144797170556388	0.0185667126472039	0.0227854023570857	0.0195239093072556	0.0235757289196545	0.00429276427950305	0.0113234282379747
-8R	0.081745145067464	0.0144156234003519	0.0581142783399676	0.0675139258032819	0.0393439010894649	0.0719435095355	0.0228952463656522	0.0599877229358644	0.0592296590044877	0.0941788825864523	0.0217166892109443	0.041987764370145	0.0439370639149675	0.038122830634785	0.0511491107598797	0.0618893838463316	0.0546584541905231	0.0707300461560687	0.0131073143593036	0.0333334484285635
0-	0.0281056075186846	0.00617930589983897	0.0329363844527034	0.0261714720403366	0.0133171487864705	0.0466082682113798	0.0105152991956437	0.0157906030695507	0.0251713895162609	0.0286736370731288	0.00767958432194651	0.0238440456817352	0.0305287020127707	0.0147724796794075	0.0198433032227792	0.0314849194596384	0.024564546327109	0.0196571730303027	0.0045824830716086	0.0114103323338804
0E	0.0142541913699755	0.00406909156868153	0.00778679861171502	0.0106045757100092	0.0119166621263761	0.0116896049405935	0.00499907244175481	0.0213465712741184	0.0108473542219355	0.0224831973816534	0.00472748008945324	0.00630043742914414	0.00584024070844834	0.00659362727539403	0.0106403997154845	0.0121534098345029	0.0141891927068036	0.0282123579004631	0.0038163648077528	0.0106242660266877
0H	0.0392622337303347	0.00420042907364712	0.0169046007765035	0.0311138446173088	0.0141846567176212	0.0129202497330023	0.00729402524143511	0.0229612287870918	0.0239697132002202	0.0435029712533092	0.00927269588630031	0.0115947615304136	0.00761345166147956	0.0168746529388327	0.0210538453358541	0.0180247839232524	0.015538391761937	0.022839272532481	0.00471691329647147	0.0112256969560203
0R	0.081622032619019	0.0144488265421718	0.0576277838409384	0.0678898923676737	0.0394184676304874	0.0712181228850027	0.0228083968788481	0.060098403130785	0.0599884569384358	0.0946598057080996	0.0216797602977141	0.0417392446413109	0.0439823943827119	0.0382407598936528	0.051537548274138	0.0616631132174188	0.0542921307958743	0.0707088034632735	0.0131157611758344	0.0332602953166087
1-	0.0274722599227052	0.00573108442721976	0.0303952507744354	0.0266567379119503	0.0144319888936034	0.0416694294505757	0.0101934812113359	0.0179228354451316	0.0255390018752333	0.029143502450238	0.00713658167652183	0.0212621087638905	0.0322589384693408	0.0147733135794229	0.0203788294775178	0.0297171599962631	0.0246845764134176	0.022441800229997	0.0051373276281818	0.0123321349758027
1E	0.0146865448969592	0.00426907097937009	0.0102860517400303	0.0106174304037405	0.0109925301229725	0.0139597082500121	0.00495638254887269	0.0197613472715703	0.0103299800043456	0.0221265838522103	0.00452015623542812	0.00765822981526903	0.00702013033432768	0.0062831404564774	0.00999243687901562	0.0131391096238062	0.0141749981869169	0.0260517918380357	0.003481677562394	0.00974596201862277
1H	0.0394139617285231	0.00447964691621261	0.0169289066627925	0.030645299986521	0.014081391614254	0.0156209529532377	0.00767076594730205	0.022535199593864	0.0241903834398648	0.0436024284870511	0.00942095502532524	0.0128323888065749	0.0046480558634882	0.0172323121393208	0.021273453445357	0.0186008226189058	0.0154142103790827	0.0223006910413212	0.00452844458718589	0.0112481221702987
1R	0.0815727665482117	0.0144798023228066	0.0576102091772755	0.0679194683022309	0.0395059106308492	0.0712500906538517	0.0228206297075252	0.0602193823105892	0.0600593653194627	0.0948725147895077	0.0210776929372886	0.0417527273857526	0.0439271246671693	0.0382887661752397	0.0516447198019104	0.0614570922389998	0.0542737849794421	0.0707942831093797	0.0131474497777632	0.0333262191647434
2-	0.0281558494856219	0.00597778563612447	0.0283725559330153	0.0283149029560228	0.0156072910444096	0.0348496361404403	0.0098096514312405	0.0212335862182771	0.0246630790231115	0.031902772186364	0.00739405939974807	0.0193132785690758	0.0283152154382832	0.0149179030982041	0.0202941083032211	0.0280529386612882	0.0246353201823383	0.0269014936131175	0.00571566510025946	0.0136371945550955
2E	0.0148161901225336	0.00391649640723314	0.0130923296541959	0.0117809978495952	0.00978168426896057	0.0178563821116337	0.00523204672234467	0.0162598581642955	0.0108302705731749	0.0190999573461642	0.00408758044464957	0.00907214121697779	0.0100623454189266	0.00635109777621633	0.00991709324834649	0.0148281165287947	0.0141052929807569	0.0215866911722118	0.00300561061897899	0.00858383560516147
2H	0.0386703046545675	0.0045806253707446	0.0161322612414131	0.0278060255954127	0.0141537798114525	0.0187324782082625	0.00778403726037989	0.0227679782762264	0.0244078851773436	0.0440186989384316	0.00948394075544063	0.0133266392689105	0.00546031501336334	0.0170413762968601	0.0214279501840708	0.0185113970092261	0.0154273533429555	0.0223246180294906	0.00444776832981643	0.0111642620288682
2R	0.0816423442627471	0.0144749074141062	0.0575971468286416	0.0679019264010494	0.0395427551248414	0.0714384964603616	0.0228257354139795	0.0602614226588217	0.0599012347736493	0.0950214284709683	0.0209655805998514	0.0417120590549831	0.0438378758705867	0.0383103771712993	0.0516391517356586	0.0613924521993335	0.0541679665060758	0.0708128028148448	0.0131690440490564	0.0333852921891434
3-	0.0289670180799096	0.00609433665924169	0.0265051719037127	0.028774555420414	0.0163066934113774	0.0315561252799345	0.00965518389924326	0.0237000875587211	0.023360986682468	0.0340809211477527	0.00764985391429014	0.0176018230900987	0.0258714329533606	0.0151091305175913	0.0200420925001148	0.0268622359615184	0.0246838728807907	0.0301872575265009	0.0059873431318005	0.0146372696843817
3E	0.0148430345249667	0.00371146563692925	0.0155533395727828	0.0131704161796776	0.00890209191460996	0.0201362551835879	0.00534805287752853	0.0134823366150382	0.011601073035619	0.0167823249415882	0.00379808692639962	0.0104335186054771	0.0111142341559836	0.0068422439354976	0.01002460746389	0.0156928553618695	0.0141567676705405	0.018309771452287	0.00275198036220864	0.00751070472074621
3H	0.0379021559640816	0.00466817525968971	0.0155848144185946	0.0260174427206165	0.0143604900502504	0.0198809475740557	0.00784603489999548	0.0230885538240481	0.0247890334305198	0.0442187542632957	0.00947623290400726	0.0137226138073541	0.0067215816314228	0.0163217761993857	0.0215387973560848	0.0187581178000246	0.0152556639927654	0.0223465120764623	0.00444099076529884	0.0112627577212422
3R	0.0817122085689818	0.0144739775558646	0.0576433258951078	0.0679624143207263	0.0395692753762562	0.0715733280376032	0.0228492716767816	0.0602709779978298	0.0597510931486263	0.0950820003526459	0.0209241737447101	0.0417579555029498	0.0437072487407816	0.0382731506524936	0.0516054973201095	0.0613132091234371	0.0540963045441216	0.0708435410552751	0.0131803142593095	0.0334107321263876
4-	0.0305703570813191	0.00640898589543426	0.0247193132272227	0.0274181135912619	0.0173798445504841	0.0279926996130688	0.00937635479235165	0.0265599478516639	0.0224958670520914	0.0373072188577474	0.00809166071793074	0.0163973229948177	0.0229435163874406	0.014799869565965	0.0203544293503265	0.0258148663717423	0.0243081121022593	0.0333950407153291	0.00621615800783439	0.0150787089095754
4E	0.0149389732128239	0.00350282049630163	0.0160153541773137	0.0135981320397457	0.00833268240972564	0.0225343694246203	0.00541540346667477	0.0117793031365467	0.0120605653380722	0.0157611647794559	0.00373199125263813	0.0110520243952234	0.0118230199206792	0.00720858167846005	0.0101733170341653	0.0159330823498262	0.0141234708408725	0.0160091390200518	0.00273440584123519	0.00726125250271609
4H	0.0362886177874637	0.00456951002912806	0.0169682220589248	0.0269576652456166	0.013835203419721	0.0211539197917036	0.00806016356502604	0.0218646072233861	0.0251595359763502	0.0420015060695356	0.00906359543792134	0.0143536950136943	0.00889457476288539	0.0162429974797474	0.0211245294717683	0.019519280760927	0.0156382310756436	0.0214334965268532	0.00422957252938189	0.0110236348209494
4R	0.0817979480816306	0.014481316420868	0.0577028894634789	0.0679739108766425	0.039547730379949	0.0716809888294179	0.0228519218240667	0.0602038582116199	0.0597159683665334	0.095069889706749	0.0208872474085032	0.0418030424037556	0.0436611110710207	0.0382514487241922	0.0516522758562802	0.0612672294825201	0.0540698140187999	0.0708376762622597	0.0131801363784529	0.0333635962332585
5-	0.0319944224850911	0.00647072254988686	0.0241596775552109	0.0272459059991588	0.0175684302484767	0.027499882124133	0.00946731236148987	0.0270965612565022	0.022358428441929	0.0383887508814106	0.00830895024790476	0.0162163808772982	0.0210332918516193	0.0149475598107359	0.0208180425825825	0.0253826727252145	0.0238947350018144	0.03378057289257	0.0062881606544646	0.0149196404494804
5E	0.0147687063693694	0.00343794882227265	0.0161361723138408	0.0142614958102353	0.00801497579703505	0.0222725512415558	0.00537699349271969	0.0111786049749379	0.01267247622483	0.0156379150223584	0.00382760138780735	0.0111615460862767	0.0119898028108963	0.00756190866712943	0.0103804397060937	0.0160110914562979	0.014105422872361	0.0150942026797226	0.00271050907008261	0.00723974996542794
5H	0.0351020010288206	0.00458672193322509	0.0174616267716415	0.0264225232427272	0.0139662498894025	0.0220613812719825	0.00802138612476117	0.0218634028032667	0.024690251374901	0.0410154488898088	0.00875041521440405	0.014438548002488	0.0105442474195722	0.0157177527404088	0.0204693419454164	0.0198509307424951	0.0160367857451206	0.0218923817228247	0.00419484429525642	0.0112335430728929
5R	0.081865129883305	0.0144953933053886	0.0577574766407108	0.0679299250521398	0.0395496559349327	0.0718338146376962	0.0228656919789849	0.0601385690347306	0.0597211560416793	0.0950421147935881	0.0208869668501291	0.0418164749660833	0.043567342082104	0.038227221218294	0.0516678242341128	0.0612446949240321	0.0540369436193204	0.0707671572951432	0.013193514019805	0.0333929334878191
6-	0.0330129015600152	0.00644361233022012	0.0247666040404871	0.027593441651469	0.0175183994913821	0.0279982957438569	0.00940714215483353	0.0263068828126663	0.022974950152633	0.0376584650450205	0.00837520920169874	0.0166649924312961	0.0198863989115719	0.0153305779948927	0.0213296342057679	0.0255925660752243	0.0238730153316383	0.0328637924708356	0.00607600886447347	0.0146982232943195
6E	0.0151171462929034	0.00331370703154698	0.0154052924134157	0.0146073616084533	0.00784085722271365	0.021432006814885	0.00544104288964372	0.011232955773268	0.0129448325680194	0.0164247019083821	0.00387539745325937	0.0107952209417737	0.0121167921721399	0.00769745030384911	0.010667215211892	0.0156590123467907	0.0138404463467011	0.0149531156365438	0.00285337668403732	0.00737605040504989
6H	0.0338090737517009	0.00472512741286136	0.0176257814837677	0.0256867318223918	0.0141901972231435	0.0225346040468822	0.00807331392285634	0.0224692688991571	0.023779702245448	0.0409684949760823	0.00862812976540353	0.0143756509866691	0.0115471613450347	0.0151849328409508	0.0196587917207617	0.0200432885322098	0.0162809219503389	0.022868633986474	0.00427284405336686	0.0113122532445686
6R	0.0819391216046435	0.0144824467746324	0.057797677937688	0.0678875350823327	0.0395494539372576	0.0719649066056488	0.0229214989673476	0.060009107485115	0.0596994849661197	0.0950516619294968	0.0208787364203745	0.0418358643597593	0.0435503524287625	0.0382129611397126	0.051655641138442	0.0612948669542492	0.0539943836287027	0.0706855420938792	0.013202229601879	0.0333865269439558
7-	0.0339916682535757	0.00659846780958664	0.0247033214614668	0.0270111071366615	0.0176408946955719	0.0285687525626513	0.00937787896878925	0.0263244435923632	0.0226711554990489	0.039013672796448	0.00874161078142691	0.0169259239720579	0.0190353449444173	0.0151078846645369	0.0212198228313635	0.0255064840596203	0.0236106536213404	0.0321091336115937	0.00602894666412437	0.0146833842004711
7E	0.0154250001286624	0.00313207143359399	0.0147528118464623	0.0146970016692593	0.00806556242933478	0.0204541886905023	0.00546923652963971	0.0116720471751945	0.012972247384153	0.0170823104148051	0.0039446161460697	0.0103840169088156	0.0119446646113878	0.00780490048739346	0.0108796606054928	0.0153146664642207	0.0136349999399482	0.0152923638381727	0.00305428030283382	0.00757002595682138
7H	0.0326018822558495	0.00474386506224736	0.0183800980800805	0.0261736864182066	0.013803556325276	0.0230639712227432	0.00806910082673618	0.0220144074964204	0.0239729104583795	0.0388817334630199	0.00820961809325758	0.0145790550891957	0.0125887065506185	0.0152928463469092	0.0194950149341749	0.0204809947314271	0.0167256292342764	0.0232563313724112	0.00410116342506359	0.0111482035234654
7R	0.0820185506381119	0.0144744043054319	0.0578362313880274	0.0678817952241464	0.0395100134502014	0.0720869124759216	0.0229162163251791	0.0600108982640019	0.0596163133416007	0.0949777166742857	0.0208958450207669	0.0418889959700895	0.0435687161064396	0.0382056314988597	0.0515944983710514	0.0613021452552927	0.0539712827955895	0.0706578288222033	0.013184390392023	0.0334016136807759
8-	0.0342531423812538	0.00664026260943472	0.0244910485823077	0.0267465944051948	0.0176658353146206	0.0292460981829571	0.00956247222233604	0.0263392067348078	0.0229523820824872	0.0398567320097762	0.00892838650102337	0.0171713930036923	0.0188609218514637	0.0149726430522354	0.0212546547803398	0.0255559307187388	0.0233576122648822	0.0313415044595203	0.00577791465840185	0.0144816527220969
8E	0.0160046774339633	0.00314545568303746	0.014296648126647	0.014706786594226	0.00827396645537207	0.0196594620950861	0.00523401193522066	0.0120106817230499	0.0127592221824222	0.01779339679224	0.00404820259675029	0.00999289107705527	0.0114648372606746	0.00789403281970261	0.0110063171248388	0.0149751781006271	0.0134298773252264	0.0157654120154758	0.00323288788397729	0.00786247955779693
8H	0.0318321711664579	0.00466114493572578	0.0190825498056037	0.0264700583816162	0.0135866727651599	0.0232825316827042	0.00813464666818623	0.0216437577399814	0.0238803716057239	0.0372411553779593	0.00790595294086695	0.0147437875133162	0.013218119878657	0.0153010666620576	0.0192989458513597	0.0207807625425501	0.0171649744769111	0.0235453137203224	0.00414345569166688	0.0110697472718499
8R	0.0820899909816996	0.0144468632282019	0.0578702465145758	0.0679234393810562	0.0395264745351715	0.0721880919607725	0.0229311308257568	0.0599936461978628	0.0595919758706524	0.0948912841799889	0.0208825420386532	0.041908071594084	0.0435438789908111	0.038167742534016	0.0515599177565585	0.0613118713619405	0.0539524640670442	0.0706522301953438	0.0131542582340471	0.0334138795517622
